<?xml version="1.0" encoding="UTF-8"?>
<project-private xmlns="http://www.netbeans.org/ns/project-private/1">
    <editor-bookmarks xmlns="http://www.netbeans.org/ns/editor-bookmarks/2" lastBookmarkId="0"/>
    <open-files xmlns="http://www.netbeans.org/ns/projectui-open-files/2">
        <group>
            <file>file:/C:/Users/lenin/Google%20Drive/UA/4ano/SD/Pratica/Airport-Rhapsody/Airport/src/Monitors/ArrivalTerminalTransfer.java</file>
            <file>file:/C:/Users/lenin/Google%20Drive/UA/4ano/SD/Pratica/Airport-Rhapsody/Airport/src/Entities/Passenger.java</file>
            <file>file:/C:/Users/lenin/Google%20Drive/UA/4ano/SD/Pratica/Airport-Rhapsody/Airport/src/airport/Airport.java</file>
            <file>file:/C:/Users/lenin/Google%20Drive/UA/4ano/SD/Pratica/Airport-Rhapsody/Airport/src/Monitors/BaggageCollection.java</file>
            <file>file:/C:/Users/lenin/Google%20Drive/UA/4ano/SD/Pratica/Airport-Rhapsody/Airport/src/AuxClasses/Bag.java</file>
            <file>file:/C:/Users/lenin/Google%20Drive/UA/4ano/SD/Pratica/Airport-Rhapsody/Airport/src/Monitors/ArrivalTerminalExit.java</file>
            <file>file:/C:/Users/lenin/Google%20Drive/UA/4ano/SD/Pratica/Airport-Rhapsody/Airport/src/Monitors/DepartureTerminalEntrance.java</file>
            <file>file:/C:/Users/lenin/Google%20Drive/UA/4ano/SD/Pratica/Airport-Rhapsody/Airport/src/Monitors/ArrivalLounge.java</file>
            <file>file:/C:/Users/lenin/Google%20Drive/UA/4ano/SD/Pratica/Airport-Rhapsody/Airport/src/Monitors/DepartureTerminalTransfer.java</file>
        </group>
    </open-files>
</project-private>
